"Possible Locations__ADDRESS","Possible Locations__BLK_NO","Possible Locations__BUILDING","Possible Locations__LATITUDE","Possible Locations__LONGITUDE","Possible Locations__LONGTITUDE","Possible Locations__POSTAL","Possible Locations__ROAD_NAME","Possible Locations__SEARCHVAL","Possible Locations__X","Possible Locations__Y","Station","Station Name"
"10 JURONG EAST STREET 12 JURONG EAST MRT STATION SINGAPORE 609690","10","JURONG EAST MRT STATION","1.33315261987297","103.742286544006","103.742286544006","609690","JURONG EAST STREET 12","JURONG EAST MRT STATION","17869.0806001499","35038.9471976683","NS1","Jurong East"
"10 BUKIT BATOK CENTRAL BUKIT BATOK MRT STATION SINGAPORE 659958","10","BUKIT BATOK MRT STATION","1.34903410858812","103.749566764129","103.749566764129","659958","BUKIT BATOK CENTRAL","BUKIT BATOK MRT STATION","18679.3541307775","36795.014101265","NS2","Bukit Batok"
"802 BUKIT BATOK WEST AVENUE 5 BUKIT GOMBAK MRT STATION SINGAPORE 659083","802","BUKIT GOMBAK MRT STATION","1.35861159094194","103.751790910733","103.751790910733","659083","BUKIT BATOK WEST AVENUE 5","BUKIT GOMBAK MRT STATION","18926.9127006596","37854.0358848739","NS3","Bukit Gombak"
"10 CHOA CHU KANG AVENUE 4 CHOA CHU KANG MRT STATION SINGAPORE 689810","10","CHOA CHU KANG MRT STATION","1.38536316540226","103.744370779756","103.744370779756","689810","CHOA CHU KANG AVENUE 4","CHOA CHU KANG MRT STATION","18101.2472041473","40812.1216052435","NS4","Choa Chu Kang"
"61 CHOA CHU KANG DRIVE YEW TEE MRT STATION SINGAPORE 689715","61","YEW TEE MRT STATION","1.39753501762625","103.747405114336","103.747405114336","689715","CHOA CHU KANG DRIVE","YEW TEE MRT STATION","18438.9791220082","42158.0123815145","NS5","Yew Tee"
"960 WOODLANDS ROAD KRANJI MRT STATION SINGAPORE 738702","960","KRANJI MRT STATION","1.42508698073649","103.762137459497","103.762137459497","738702","WOODLANDS ROAD","KRANJI MRT STATION","20078.5865077022","45204.5168451145","NS7","Kranji"
"71 WOODLANDS AVENUE 3 MARSILING MRT STATION SINGAPORE 739044","71","MARSILING MRT STATION","1.4325211485503","103.774074641403","103.774074641403","739044","WOODLANDS AVENUE 3","MARSILING MRT STATION","21407.04132115","46026.5125302095","NS8","Marsiling"
"11 WOODLANDS SQUARE WOODLANDS MRT STATION SINGAPORE 737736","11","WOODLANDS MRT STATION","1.43606698186149","103.787930806962","103.787930806962","737736","WOODLANDS SQUARE","WOODLANDS MRT STATION","22949.0321892574","46418.557862876","NS9","Woodlands"
"30 WOODLANDS AVENUE 2 WOODLANDS MRT STATION SINGAPORE 738343","30","WOODLANDS MRT STATION","1.43696824751195","103.78646245158","103.78646245158","738343","WOODLANDS AVENUE 2","WOODLANDS MRT STATION","22785.6286025448","46518.2186195459","",""
"70 WOODLANDS AVENUE 7 ADMIRALTY MRT STATION SINGAPORE 738344","70","ADMIRALTY MRT STATION","1.44058500086852","103.800988000403","103.800988000403","738344","WOODLANDS AVENUE 7","ADMIRALTY MRT STATION","24402.1062544612","46918.1130760182","NS10","Admiralty"
"11 CANBERRA ROAD SEMBAWANG MRT STATION SINGAPORE 759775","11","SEMBAWANG MRT STATION","1.44905082158503","103.820046140211","103.820046140211","759775","CANBERRA ROAD","SEMBAWANG MRT STATION","26522.9882623898","47854.1998395566","NS11","Sembawang"
"301 YISHUN AVENUE 2 YISHUN MRT STATION SINGAPORE 769093","301","YISHUN MRT STATION","1.42944308039361","103.83500504643","103.83500504643","769093","YISHUN AVENUE 2","YISHUN MRT STATION","28187.6787261907","45686.0700538699","NS13","Yishun"
"201 YISHUN AVENUE 2 KHATIB MRT STATION SINGAPORE 769092","201","KHATIB MRT STATION","1.41738337009568","103.832979908243","103.832979908243","769092","YISHUN AVENUE 2","KHATIB MRT STATION","27962.3108561598","44352.5679936018","NS14","Khatib"
"3000 ANG MO KIO AVENUE 8 YIO CHU KANG MRT STATION SINGAPORE 569813","3000","YIO CHU KANG MRT STATION","1.38175588659406","103.84494728206","103.84494728206","569813","ANG MO KIO AVENUE 8","YIO CHU KANG MRT STATION","29294.1274437541","40413.0643612016","NS15","Yio Chu Kang"
"2450 ANG MO KIO AVENUE 8 ANG MO KIO MRT STATION SINGAPORE 569811","2450","ANG MO KIO MRT STATION","1.36993317536445","103.849558130943","103.849558130943","569811","ANG MO KIO AVENUE 8","ANG MO KIO MRT STATION","29807.2654448589","39105.7720139287","NS16","Ang Mo Kio"
"2795 ANG MO KIO AVENUE 8 ANG MO KIO MRT STATION SINGAPORE 569812","2795","ANG MO KIO MRT STATION","1.36942855699193","103.849455226442","103.849455226442","569812","ANG MO KIO AVENUE 8","ANG MO KIO MRT STATION","29795.8137953635","39049.9738031812","",""
"200 BISHAN ROAD BISHAN MRT STATION SINGAPORE 579827","200","BISHAN MRT STATION","1.3508389878474","103.848143964542","103.848143964542","579827","BISHAN ROAD","BISHAN MRT STATION","29649.8988074986","36994.4330169801","NS17","Bishan"
"17 BISHAN PLACE BISHAN MRT STATION SINGAPORE 579842","17","BISHAN MRT STATION","1.35130867993962","103.849154418688","103.849154418688","579842","BISHAN PLACE","BISHAN MRT STATION","29762.3506627493","37046.3698805068","",""
"377 LORONG 1 TOA PAYOH BRADDELL MRT STATION SINGAPORE 319756","377","BRADDELL MRT STATION","1.34046900102774","103.846799083148","103.846799083148","319756","LORONG 1 TOA PAYOH","BRADDELL MRT STATION","29500.234948243","35847.7719815243","NS18","Braddell"
"510 LORONG 6 TOA PAYOH TOA PAYOH MRT STATION SINGAPORE 319398","510","TOA PAYOH MRT STATION","1.33262898752974","103.847501764246","103.847501764246","319398","LORONG 6 TOA PAYOH","TOA PAYOH MRT STATION","29578.4407894798","34980.8638449535","NS19","Toa Payoh"
"250 THOMSON ROAD NOVENA MRT STATION SINGAPORE 307642","250","NOVENA MRT STATION","1.32044079120159","103.843825618748","103.843825618748","307642","THOMSON ROAD","NOVENA MRT STATION","29169.3297925014","33633.15353911","NS20","Novena"
"49 SCOTTS ROAD NEWTON MRT STATION SINGAPORE 228234","49","NEWTON MRT STATION","1.31232009946014","103.837985299521","103.837985299521","228234","SCOTTS ROAD","NEWTON MRT STATION","28519.3615875049","32735.2071894407","NS21","Newton"
"235 BUKIT TIMAH ROAD NEWTON MRT STATION SINGAPORE 229901","235","NEWTON MRT STATION","1.31399286264572","103.837714613091","103.837714613091","229901","BUKIT TIMAH ROAD","NEWTON MRT STATION","28489.2364384029","32920.1726889107","",""
"437 ORCHARD ROAD ORCHARD MRT STATION SINGAPORE 238878","437","ORCHARD MRT STATION","1.30397987430726","103.832245299857","103.832245299857","238878","ORCHARD ROAD","ORCHARD MRT STATION","27880.5538237328","31812.9875513017","NS22","Orchard"
"1 SOMERSET ROAD SOMERSET MRT STATION SINGAPORE 238162","1","SOMERSET MRT STATION","1.30026416739007","103.839085753124","103.839085753124","238162","SOMERSET ROAD","SOMERSET MRT STATION","28641.8346576085","31402.1245223545","NS23","Somerset"
"11 ORCHARD ROAD DHOBY GHAUT MRT STATION SINGAPORE 238826","11","DHOBY GHAUT MRT STATION","1.29870130619238","103.846115155028","103.846115155028","238826","ORCHARD ROAD","DHOBY GHAUT MRT STATION","29424.144839067","31229.3142516632","NS24","Dhoby Ghaut"
"60 ORCHARD ROAD DHOBY GHAUT MRT STATION SINGAPORE 238889","60","DHOBY GHAUT MRT STATION","1.29970545852799","103.845488184359","103.845488184359","238889","ORCHARD ROAD","DHOBY GHAUT MRT STATION","29354.3680562042","31340.3479005359","",""
"13 ORCHARD ROAD DHOBY GHAUT MRT STATION SINGAPORE 238893","13","DHOBY GHAUT MRT STATION","1.29881040867147","103.84634759342","103.84634759342","238893","ORCHARD ROAD","DHOBY GHAUT MRT STATION","29450.0130989393","31241.3783738092","",""
"150 NORTH BRIDGE ROAD CITY HALL MRT STATION SINGAPORE 179100","150","CITY HALL MRT STATION","1.29293624242153","103.852585892041","103.852585892041","179100","NORTH BRIDGE ROAD","CITY HALL MRT STATION","30144.2850662591","30591.8477530535","NS25","City Hall"
"5 RAFFLES PLACE RAFFLES PLACE MRT STATION SINGAPORE 048618","5","RAFFLES PLACE MRT STATION","1.2841256104366","103.851461712342","103.851461712342","048618","RAFFLES PLACE","RAFFLES PLACE MRT STATION","30019.180527919","29617.6125848964","NS26","Raffles Place"
"21 PARK STREET MARINA BAY MRT STATION SINGAPORE 018925","21","MARINA BAY MRT STATION","1.27642735449345","103.854597777026","103.854597777026","018925","PARK STREET","MARINA BAY MRT STATION","30368.2056423808","28766.3818715643","NS27","Marina Bay"
"23 PARK STREET MARINA BAY MRT STATION SINGAPORE 018926","23","MARINA BAY MRT STATION","1.27625146423745","103.855447156279","103.855447156279","018926","PARK STREET","MARINA BAY MRT STATION","30462.7349769678","28746.9336326476","",""
"25 PARK STREET MARINA BAY MRT STATION SINGAPORE 018929","25","MARINA BAY MRT STATION","1.27493906950917","103.855330338563","103.855330338563","018929","PARK STREET","MARINA BAY MRT STATION","30449.7353319814","28601.8156915978","",""
"33 MARINA COASTAL DRIVE MARINA SOUTH PIER MRT STATION SINGAPORE 018948","33","MARINA SOUTH PIER MRT STATION","1.2710270361201","103.862447515736","103.862447515736","018948","MARINA COASTAL DRIVE","MARINA SOUTH PIER MRT STATION","31241.8260070188","28169.2510934174","NS28","Marina South Pier"
"10 PASIR RIS CENTRAL PASIR RIS MRT STATION SINGAPORE 519634","10","PASIR RIS MRT STATION","1.37304321206227","103.949284605816","103.949284605816","519634","PASIR RIS CENTRAL","PASIR RIS MRT STATION","40905.6061495682","39449.9708075821","EW1","Pasir Ris"
"20 TAMPINES CENTRAL 1 TAMPINES MRT STATION SINGAPORE 529538","20","TAMPINES MRT STATION","1.35330153265954","103.945144689278","103.945144689278","529538","TAMPINES CENTRAL 1","TAMPINES MRT STATION","40444.9846136123","37267.0103757698","EW2","Tampines"
"15 TAMPINES CENTRAL 1 TAMPINES MRT STATION SINGAPORE 529544","15","TAMPINES MRT STATION","1.35515041120475","103.943009883131","103.943009883131","529544","TAMPINES CENTRAL 1","TAMPINES MRT STATION","40207.3952279193","37471.4394600242","",""
"30 SIMEI STREET 3 SIMEI MRT STATION SINGAPORE 529888","30","SIMEI MRT STATION","1.34320289478118","103.953371694102","103.953371694102","529888","SIMEI STREET 3","SIMEI MRT STATION","41360.6137917796","36150.3958834633","EW3","Simei"
"920 NEW UPPER CHANGI ROAD TANAH MERAH MRT STATION SINGAPORE 467356","920","TANAH MERAH MRT STATION","1.32718775009106","103.946348136559","103.946348136559","467356","NEW UPPER CHANGI ROAD","TANAH MERAH MRT STATION","40579.0481119165","34379.4824733157","EW4","Tanah Merah"
"315 NEW UPPER CHANGI ROAD BEDOK MRT STATION SINGAPORE 467347","315","BEDOK MRT STATION","1.32397996868161","103.929984495066","103.929984495066","467347","NEW UPPER CHANGI ROAD","BEDOK MRT STATION","38757.9520495059","34024.7047772091","EW5","Bedok"
"55 SIMS AVENUE EAST KEMBANGAN MRT STATION SINGAPORE 416551","55","KEMBANGAN MRT STATION","1.32103824851416","103.912949388089","103.912949388089","416551","SIMS AVENUE EAST","KEMBANGAN MRT STATION","36862.1236694017","33699.3567627426","EW6","Kembangan"
"30 EUNOS CRESCENT EUNOS MRT STATION SINGAPORE 409423","30","EUNOS MRT STATION","1.31978354779207","103.903225812967","103.903225812967","409423","EUNOS CRESCENT","EUNOS MRT STATION","35779.9889810141","33560.5857454669","EW7","Eunos"
"30 PAYA LEBAR ROAD PAYA LEBAR MRT STATION SINGAPORE 409006","30","PAYA LEBAR MRT STATION","1.31811208187582","103.893060355199","103.893060355199","409006","PAYA LEBAR ROAD","PAYA LEBAR MRT STATION","34648.6772941211","33375.7340536173","EW8","Paya Lebar"
"15 PAYA LEBAR ROAD PAYA LEBAR MRT STATION SINGAPORE 409049","15","PAYA LEBAR MRT STATION","1.31724738540351","103.892260753884","103.892260753884","409049","PAYA LEBAR ROAD","PAYA LEBAR MRT STATION","34559.6916920915","33280.1181892175","",""
"81 LORONG 25 GEYLANG ALJUNIED MRT STATION SINGAPORE 388310","81","ALJUNIED MRT STATION","1.31643261181573","103.882906044385","103.882906044385","388310","LORONG 25 GEYLANG","ALJUNIED MRT STATION","33518.6048692856","33190.0020174589","EW9","Aljunied"
"5 SIMS AVENUE KALLANG MRT STATION SINGAPORE 387405","5","KALLANG MRT STATION","1.31148890998822","103.871386541754","103.871386541754","387405","SIMS AVENUE","KALLANG MRT STATION","32236.6038438482","32643.3302382659","EW10","Kallang"
"50 KALLANG ROAD LAVENDER MRT STATION SINGAPORE 208699","50","LAVENDER MRT STATION","1.30737750842617","103.862767633612","103.862767633612","208699","KALLANG ROAD","LAVENDER MRT STATION","31277.406203486","32188.6996140592","EW11","Lavender"
"220 VICTORIA STREET BUGIS MRT STATION SINGAPORE 188022","220","BUGIS MRT STATION","1.30046507606683","103.855706414086","103.855706414086","188022","VICTORIA STREET","BUGIS MRT STATION","30491.5648077074","31424.3502725307","EW12","Bugis"
"320 VICTORIA STREET BUGIS MRT STATION SINGAPORE 188045","320","BUGIS MRT STATION","1.30036650571953","103.855636652806","103.855636652806","188045","VICTORIA STREET","BUGIS MRT STATION","30483.8011001516","31413.4508018624","",""
"191 ROCHOR ROAD BUGIS MRT STATION SINGAPORE 188476","191","BUGIS MRT STATION","1.2993135039933","103.857125958751","103.857125958751","188476","ROCHOR ROAD","BUGIS MRT STATION","30649.5485789878","31297.016799869","",""
"150 NORTH BRIDGE ROAD CITY HALL MRT STATION SINGAPORE 179100","150","CITY HALL MRT STATION","1.29293624242153","103.852585892041","103.852585892041","179100","NORTH BRIDGE ROAD","CITY HALL MRT STATION","30144.2850662591","30591.8477530535","EW13","City Hall"
"5 RAFFLES PLACE RAFFLES PLACE MRT STATION SINGAPORE 048618","5","RAFFLES PLACE MRT STATION","1.2841256104366","103.851461712342","103.851461712342","048618","RAFFLES PLACE","RAFFLES PLACE MRT STATION","30019.180527919","29617.6125848964","EW14","Raffles Place"
"120 MAXWELL ROAD TANJONG PAGAR MRT STATION SINGAPORE 069119","120","TANJONG PAGAR MRT STATION","1.2765613173725","103.845725186759","103.845725186759","069119","MAXWELL ROAD","TANJONG PAGAR MRT STATION","29380.7567437878","28781.1883335728","EW15","Tanjong Pagar"
"300 EU TONG SEN STREET OUTRAM PARK MRT STATION SINGAPORE 059816","300","OUTRAM PARK MRT STATION","1.27973970679336","103.839513521005","103.839513521005","059816","EU TONG SEN STREET","OUTRAM PARK MRT STATION","28689.4468921591","29132.635703966","EW16","Outram Park"
"10 OUTRAM ROAD OUTRAM PARK MRT STATION SINGAPORE 169037","10","OUTRAM PARK MRT STATION","1.28140491195148","103.839130571022","103.839130571022","169037","OUTRAM ROAD","OUTRAM PARK MRT STATION","28646.8272404503","29316.765383333","",""
"300 TIONG BAHRU ROAD TIONG BAHRU MRT STATION SINGAPORE 168731","300","TIONG BAHRU MRT STATION","1.28610253615777","103.827445112419","103.827445112419","168731","TIONG BAHRU ROAD","TIONG BAHRU MRT STATION","27346.3322650865","29836.2044219486","EW17","Tiong Bahru"
"920 TIONG BAHRU ROAD REDHILL MRT STATION SINGAPORE 158792","920","REDHILL MRT STATION","1.28963453358141","103.816740969874","103.816740969874","158792","TIONG BAHRU ROAD","REDHILL MRT STATION","26155.053255369","30226.7597223129","EW18","Redhill"
"301 COMMONWEALTH AVENUE QUEENSTOWN MRT STATION SINGAPORE 149729","301","QUEENSTOWN MRT STATION","1.29455085184934","103.806077155982","103.806077155982","149729","COMMONWEALTH AVENUE","QUEENSTOWN MRT STATION","24968.2673462266","30770.39111281","EW19","Queenstown"
"375 COMMONWEALTH AVENUE COMMONWEALTH MRT STATION SINGAPORE 149735","375","COMMONWEALTH MRT STATION","1.30250853704708","103.798226128263","103.798226128263","149735","COMMONWEALTH AVENUE","COMMONWEALTH MRT STATION","24094.5286035035","31650.321837496","EW20","Commonwealth"
"100 NORTH BUONA VISTA ROAD BUONA VISTA MRT STATION SINGAPORE 139345","100","BUONA VISTA MRT STATION","1.30722370820444","103.790253514502","103.790253514502","139345","NORTH BUONA VISTA ROAD","BUONA VISTA MRT STATION","23207.2578019602","32171.7150982134","EW21","Buona Vista"
"150 NORTH BUONA VISTA ROAD BUONA VISTA MRT STATION SINGAPORE 139350","150","BUONA VISTA MRT STATION","1.30663450405004","103.790709404436","103.790709404436","139350","NORTH BUONA VISTA ROAD","BUONA VISTA MRT STATION","23257.993026535","32106.5630513858","",""
"200 COMMONWEALTH AVENUE WEST DOVER MRT STATION SINGAPORE 138677","200","DOVER MRT STATION","1.31140529320966","103.778637841909","103.778637841909","138677","COMMONWEALTH AVENUE WEST","DOVER MRT STATION","21914.5509301461","32634.1186314411","EW22","Dover"
"3150 COMMONWEALTH AVENUE WEST CLEMENTI MRT STATION SINGAPORE 129580","3150","CLEMENTI MRT STATION","1.3152012635208","103.765182446647","103.765182446647","129580","COMMONWEALTH AVENUE WEST","CLEMENTI MRT STATION","20417.1034559887","33053.8945524823","EW23","Clementi"
"10 JURONG EAST STREET 12 JURONG EAST MRT STATION SINGAPORE 609690","10","JURONG EAST MRT STATION","1.33315261987297","103.742286544006","103.742286544006","609690","JURONG EAST STREET 12","JURONG EAST MRT STATION","17869.0806001499","35038.9471976683","EW24","Jurong East"
"151 BOON LAY WAY CHINESE GARDEN MRT STATION SINGAPORE 609959","151","CHINESE GARDEN MRT STATION","1.34235282081403","103.732596738363","103.732596738363","609959","BOON LAY WAY","CHINESE GARDEN MRT STATION","16790.746632209","36056.3018932845","EW25","Chinese Garden"
"201 BOON LAY WAY LAKESIDE MRT STATION SINGAPORE 649845","201","LAKESIDE MRT STATION","1.34425913054043","103.720949076305","103.720949076305","649845","BOON LAY WAY","LAKESIDE MRT STATION","15494.4957124498","36267.1487586629","EW26","Lakeside"
"301 BOON LAY WAY BOON LAY MRT STATION SINGAPORE 649846","301","BOON LAY MRT STATION","1.33860405469846","103.706064622772","103.706064622772","649846","BOON LAY WAY","BOON LAY MRT STATION","13837.9827195415","35641.9191215821","EW27","Boon Lay"
"31 JURONG WEST STREET 63 PIONEER MRT STATION SINGAPORE 648310","31","PIONEER MRT STATION","1.33758688240768","103.697321513018","103.697321513018","648310","JURONG WEST STREET 63","PIONEER MRT STATION","12864.9592090417","35529.4973224401","EW28","Pioneer"
"91 JOO KOON CIRCLE JOO KOON MRT STATION SINGAPORE 629116","91","JOO KOON MRT STATION","1.32771717334029","103.678375143838","103.678375143838","629116","JOO KOON CIRCLE","JOO KOON MRT STATION","10756.3544098651","34438.2764274832","EW29","Joo Koon"
"7A TUAS ROAD GUL CIRCLE MRT STATION SINGAPORE 637288","7A","GUL CIRCLE MRT STATION","1.319470868174","103.660530403418","103.660530403418","637288","TUAS ROAD","GUL CIRCLE MRT STATION","8770.34505425021","33526.5697681308","EW30","Gul Circle"
"90 PIONEER ROAD TUAS CRESCENT MRT STATION SINGAPORE 639608","90","TUAS CRESCENT MRT STATION","1.32102695188066","103.649078232635","103.649078232635","639608","PIONEER ROAD","TUAS CRESCENT MRT STATION","7495.83753407747","33698.7258568909","EW31","Tuas Crescent"
"131 PIONEER ROAD TUAS WEST ROAD MRT STATION SINGAPORE 639609","131","TUAS WEST ROAD MRT STATION","1.3299890890646","103.63961405628","103.63961405628","639609","PIONEER ROAD","TUAS WEST ROAD MRT STATION","6442.6401277706","34689.798801709","EW32","Tuas West Road"
"20 TUAS WEST DRIVE TUAS LINK MRT STATION SINGAPORE 638418","20","TUAS LINK MRT STATION","1.34088242451108","103.636991425128","103.636991425128","638418","TUAS WEST DRIVE","TUAS LINK MRT STATION","6150.86278806441","35894.3582222294","EW33","Tuas Link"
"2 EXPO DRIVE EXPO MRT STATION SINGAPORE 485985","2","EXPO MRT STATION","1.33538252614957","103.962374747451","103.962374747451","485985","EXPO DRIVE","EXPO MRT STATION","42362.6034600176","35285.7083877865","CG1","Expo"
"21 CHANGI SOUTH AVENUE 1 EXPO MRT STATION SINGAPORE 486065","21","EXPO MRT STATION","1.33454977824819","103.961548211018","103.961548211018","486065","CHANGI SOUTH AVENUE 1","EXPO MRT STATION","42270.6232344825","35193.6223453805","",""
"70 AIRPORT BOULEVARD CHANGI AIRPORT MRT STATION SINGAPORE 819661","70","CHANGI AIRPORT MRT STATION","1.35747897447696","103.98788356959","103.98788356959","819661","AIRPORT BOULEVARD","CHANGI AIRPORT MRT STATION","45201.3203946929","37729.1933764704","CG2","Changi Airport"
"81 TELOK BLANGAH ROAD HARBOURFRONT MRT STATION SINGAPORE 098867","81","HARBOURFRONT MRT STATION","1.26538938402277","103.821530156823","103.821530156823","098867","TELOK BLANGAH ROAD","HARBOURFRONT MRT STATION","26688.0366718732","27545.8534563184","NE1","HarbourFront"
"83 TELOK BLANGAH ROAD HARBOURFRONT MRT STATION SINGAPORE 098886","83","HARBOURFRONT MRT STATION","1.2653893842965","103.821530157095","103.821530157095","098886","TELOK BLANGAH ROAD","HARBOURFRONT MRT STATION","26688.0367021412","27545.8534865864","",""
"300 EU TONG SEN STREET OUTRAM PARK MRT STATION SINGAPORE 059816","300","OUTRAM PARK MRT STATION","1.27973970679336","103.839513521005","103.839513521005","059816","EU TONG SEN STREET","OUTRAM PARK MRT STATION","28689.4468921591","29132.635703966","NE3","Outram Park"
"10 OUTRAM ROAD OUTRAM PARK MRT STATION SINGAPORE 169037","10","OUTRAM PARK MRT STATION","1.28140491195148","103.839130571022","103.839130571022","169037","OUTRAM ROAD","OUTRAM PARK MRT STATION","28646.8272404503","29316.765383333","",""
"91 UPPER CROSS STREET CHINATOWN MRT STATION SINGAPORE 058362","91","CHINATOWN MRT STATION","1.28422391919087","103.845143798953","103.845143798953","058362","UPPER CROSS STREET","CHINATOWN MRT STATION","29316.0490006935","29628.4789423905","NE4","Chinatown"
"151 NEW BRIDGE ROAD CHINATOWN MRT STATION SINGAPORE 059443","151","CHINATOWN MRT STATION","1.2843595780039","103.843426775693","103.843426775693","059443","NEW BRIDGE ROAD","CHINATOWN MRT STATION","29124.9584720396","29643.478574669","",""
"10 EU TONG SEN STREET CLARKE QUAY MRT STATION SINGAPORE 059815","10","CLARKE QUAY MRT STATION","1.28838602407589","103.846555209694","103.846555209694","059815","EU TONG SEN STREET","CLARKE QUAY MRT STATION","29473.1249443386","30088.7037861515","NE5","Clarke Quay"
"11 ORCHARD ROAD DHOBY GHAUT MRT STATION SINGAPORE 238826","11","DHOBY GHAUT MRT STATION","1.29870130619238","103.846115155028","103.846115155028","238826","ORCHARD ROAD","DHOBY GHAUT MRT STATION","29424.144839067","31229.3142516632","NE6","Dhoby Ghaut"
"60 ORCHARD ROAD DHOBY GHAUT MRT STATION SINGAPORE 238889","60","DHOBY GHAUT MRT STATION","1.29970545852799","103.845488184359","103.845488184359","238889","ORCHARD ROAD","DHOBY GHAUT MRT STATION","29354.3680562042","31340.3479005359","",""
"13 ORCHARD ROAD DHOBY GHAUT MRT STATION SINGAPORE 238893","13","DHOBY GHAUT MRT STATION","1.29881040867147","103.84634759342","103.84634759342","238893","ORCHARD ROAD","DHOBY GHAUT MRT STATION","29450.0130989393","31241.3783738092","",""
"60 BUKIT TIMAH ROAD LITTLE INDIA MRT STATION SINGAPORE 229900","60","LITTLE INDIA MRT STATION","1.30680002560554","103.84964696645","103.84964696645","229900","BUKIT TIMAH ROAD","LITTLE INDIA MRT STATION","29817.1981863957","32124.8312324211","NE7","Little India"
"62 BUKIT TIMAH ROAD LITTLE INDIA MRT STATION SINGAPORE 229902","62","LITTLE INDIA MRT STATION","1.30701826765227","103.848660935092","103.848660935092","229902","BUKIT TIMAH ROAD","LITTLE INDIA MRT STATION","29707.4618838402","32148.9626245834","",""
"250 RACE COURSE ROAD FARRER PARK MRT STATION SINGAPORE 218703","250","FARRER PARK MRT STATION","1.31190557325777","103.853477716509","103.853477716509","218703","RACE COURSE ROAD","FARRER PARK MRT STATION","30243.5206485633","32689.3795552105","NE8","Farrer Park"
"900 SERANGOON ROAD BOON KENG MRT STATION SINGAPORE 328260","900","BOON KENG MRT STATION","1.31933570922515","103.861569454156","103.861569454156","328260","SERANGOON ROAD","BOON KENG MRT STATION","31144.0450132079","33510.9746132717","NE9","Boon Keng"
"55 UPPER SERANGOON ROAD POTONG PASIR MRT STATION SINGAPORE 347694","55","POTONG PASIR MRT STATION","1.33137952497763","103.869055665485","103.869055665485","347694","UPPER SERANGOON ROAD","POTONG PASIR MRT STATION","31977.1677236725","34842.7289396245","NE10","Potong Pasir"
"400 UPPER SERANGOON ROAD WOODLEIGH MRT STATION SINGAPORE 347695","400","WOODLEIGH MRT STATION","1.33919004519393","103.87081830915","103.87081830915","347695","UPPER SERANGOON ROAD","WOODLEIGH MRT STATION","32173.3185749166","35706.3793633748","NE11","Woodleigh"
"600 UPPER SERANGOON ROAD SERANGOON MRT STATION SINGAPORE 534801","600","SERANGOON MRT STATION","1.34970787487358","103.873574846893","103.873574846893","534801","UPPER SERANGOON ROAD","SERANGOON MRT STATION","32480.0726037696","36869.3923440855","NE12","Serangoon"
"21 SERANGOON CENTRAL SERANGOON MRT STATION SINGAPORE 556082","21","SERANGOON MRT STATION","1.35063361526529","103.872771660431","103.872771660431","556082","SERANGOON CENTRAL","SERANGOON MRT STATION","32390.6852547918","36971.754548572","",""
"900 UPPER SERANGOON ROAD KOVAN MRT STATION SINGAPORE 534799","900","KOVAN MRT STATION","1.36017917065238","103.885064856353","103.885064856353","534799","UPPER SERANGOON ROAD","KOVAN MRT STATION","33758.7578018587","38027.2794417534","NE13","Kovan"
"80 HOUGANG CENTRAL HOUGANG MRT STATION SINGAPORE 538758","80","HOUGANG MRT STATION","1.37129229221246","103.892380518741","103.892380518741","538758","HOUGANG CENTRAL","HOUGANG MRT STATION","34572.8758809753","39256.1311590392","NE14","Hougang"
"10 SENGKANG CENTRAL BUANGKOK MRT STATION SINGAPORE 545061","10","BUANGKOK MRT STATION","1.38287785835055","103.893121564391","103.893121564391","545061","SENGKANG CENTRAL","BUANGKOK MRT STATION","34655.3131560674","40537.2069224827","NE15","Buangkok"
"5 SENGKANG SQUARE SENGKANG MRT STATION SINGAPORE 545062","5","SENGKANG MRT STATION","1.39169462601523","103.895484694279","103.895484694279","545062","SENGKANG SQUARE","SENGKANG MRT STATION","34918.2740132157","41512.1276907381","NE16","Sengkang"
"70 PUNGGOL CENTRAL PUNGGOL MRT STATION SINGAPORE 828868","70","PUNGGOL MRT STATION","1.40454672748107","103.902072638825","103.902072638825","828868","PUNGGOL CENTRAL","PUNGGOL MRT STATION","35651.384646521","42933.2693660688","NE17","Punggol"
"11 ORCHARD ROAD DHOBY GHAUT MRT STATION SINGAPORE 238826","11","DHOBY GHAUT MRT STATION","1.29870130619238","103.846115155028","103.846115155028","238826","ORCHARD ROAD","DHOBY GHAUT MRT STATION","29424.144839067","31229.3142516632","CC1","Dhoby Ghaut"
"60 ORCHARD ROAD DHOBY GHAUT MRT STATION SINGAPORE 238889","60","DHOBY GHAUT MRT STATION","1.29970545852799","103.845488184359","103.845488184359","238889","ORCHARD ROAD","DHOBY GHAUT MRT STATION","29354.3680562042","31340.3479005359","",""
"13 ORCHARD ROAD DHOBY GHAUT MRT STATION SINGAPORE 238893","13","DHOBY GHAUT MRT STATION","1.29881040867147","103.84634759342","103.84634759342","238893","ORCHARD ROAD","DHOBY GHAUT MRT STATION","29450.0130989393","31241.3783738092","",""
"65 BRAS BASAH ROAD BRAS BASAH MRT STATION SINGAPORE 189561","65","BRAS BASAH MRT STATION","1.29686168649658","103.850667371637","103.850667371637","189561","BRAS BASAH ROAD","BRAS BASAH MRT STATION","29930.7673842646","31025.9015965685","CC2","Bras Basah"
"90 BRAS BASAH ROAD ESPLANADE MRT STATION SINGAPORE 189562","90","ESPLANADE MRT STATION","1.29365772453863","103.855081226245","103.855081226245","189562","BRAS BASAH ROAD","ESPLANADE MRT STATION","30421.9934839169","30671.6277715862","CC3","Esplanade"
"2 TEMASEK AVENUE PROMENADE MRT STATION SINGAPORE 039193","2","PROMENADE MRT STATION","1.29399856913986","103.860350000195","103.860350000195","039193","TEMASEK AVENUE","PROMENADE MRT STATION","31008.3618750954","30709.3222472537","CC4","Promenade"
"10 TEMASEK AVENUE PROMENADE MRT STATION SINGAPORE 039194","10","PROMENADE MRT STATION","1.29289175383297","103.860891800025","103.860891800025","039194","TEMASEK AVENUE","PROMENADE MRT STATION","31068.6608139491","30586.9369543027","",""
"20 REPUBLIC AVENUE NICOLL HIGHWAY MRT STATION SINGAPORE 038970","20","NICOLL HIGHWAY MRT STATION","1.29976683498024","103.863637018754","103.863637018754","038970","REPUBLIC AVENUE","NICOLL HIGHWAY MRT STATION","31374.1708286712","31347.1515681837","CC5","Nicoll Highway"
"3 STADIUM WALK STADIUM MRT STATION SINGAPORE 397692","3","STADIUM MRT STATION","1.30281246847074","103.875337711089","103.875337711089","397692","STADIUM WALK","STADIUM MRT STATION","32676.3477050876","31683.9407594241","CC6","Stadium"
"301 MOUNTBATTEN ROAD MOUNTBATTEN MRT STATION SINGAPORE 398006","301","MOUNTBATTEN MRT STATION","1.30620190525333","103.882528081052","103.882528081052","398006","MOUNTBATTEN ROAD","MOUNTBATTEN MRT STATION","33476.5634268699","32058.7418466751","CC7","Mountbatten"
"201 OLD AIRPORT ROAD DAKOTA MRT STATION SINGAPORE 397973","201","DAKOTA MRT STATION","1.30854798388123","103.889064718377","103.889064718377","397973","OLD AIRPORT ROAD","DAKOTA MRT STATION","34204.0252977144","32318.1744557638","CC8","Dakota"
"30 PAYA LEBAR ROAD PAYA LEBAR MRT STATION SINGAPORE 409006","30","PAYA LEBAR MRT STATION","1.31811208187582","103.893060355199","103.893060355199","409006","PAYA LEBAR ROAD","PAYA LEBAR MRT STATION","34648.6772941211","33375.7340536173","CC9","Paya Lebar"
"15 PAYA LEBAR ROAD PAYA LEBAR MRT STATION SINGAPORE 409049","15","PAYA LEBAR MRT STATION","1.31724738540351","103.892260753884","103.892260753884","409049","PAYA LEBAR ROAD","PAYA LEBAR MRT STATION","34559.6916920915","33280.1181892175","",""
"10 CIRCUIT LINK MACPHERSON MRT STATION SINGAPORE 378956","10","MACPHERSON MRT STATION","1.32615024293134","103.889298596024","103.889298596024","378956","CIRCUIT LINK","MACPHERSON MRT STATION","34230.0099985199","34264.5433465037","CC10","MacPherson"
"171 PAYA LEBAR ROAD MACPHERSON MRT STATION SINGAPORE 409048","171","MACPHERSON MRT STATION","1.32607760171668","103.890391305725","103.890391305725","409048","PAYA LEBAR ROAD","MACPHERSON MRT STATION","34351.6177675053","34256.5138255153","",""
"33 UPPER PAYA LEBAR ROAD TAI SENG MRT STATION SINGAPORE 534803","33","TAI SENG MRT STATION","1.33510208507523","103.88843301279","103.88843301279","534803","UPPER PAYA LEBAR ROAD","TAI SENG MRT STATION","34133.6571995215","35254.390468251","CC11","Tai Seng"
"90 BARTLEY ROAD BARTLEY MRT STATION SINGAPORE 539788","90","BARTLEY MRT STATION","1.34250117805246","103.880177899184","103.880177899184","539788","BARTLEY ROAD","BARTLEY MRT STATION","33214.9339675223","36072.5255325567","CC12","Bartley"
"600 UPPER SERANGOON ROAD SERANGOON MRT STATION SINGAPORE 534801","600","SERANGOON MRT STATION","1.34970787487358","103.873574846893","103.873574846893","534801","UPPER SERANGOON ROAD","SERANGOON MRT STATION","32480.0726037696","36869.3923440855","CC13","Serangoon"
"21 SERANGOON CENTRAL SERANGOON MRT STATION SINGAPORE 556082","21","SERANGOON MRT STATION","1.35063361526529","103.872771660431","103.872771660431","556082","SERANGOON CENTRAL","SERANGOON MRT STATION","32390.6852547918","36971.754548572","",""
"150 SERANGOON AVENUE 3 LORONG CHUAN MRT STATION SINGAPORE 554533","150","LORONG CHUAN MRT STATION","1.35161217074559","103.864151938651","103.864151938651","554533","SERANGOON AVENUE 3","LORONG CHUAN MRT STATION","31431.4054671219","37079.9443690348","CC14","Lorong Chuan"
"200 BISHAN ROAD BISHAN MRT STATION SINGAPORE 579827","200","BISHAN MRT STATION","1.3508389878474","103.848143964542","103.848143964542","579827","BISHAN ROAD","BISHAN MRT STATION","29649.8988074986","36994.4330169801","CC15","Bishan"
"17 BISHAN PLACE BISHAN MRT STATION SINGAPORE 579842","17","BISHAN MRT STATION","1.35130867993962","103.849154418688","103.849154418688","579842","BISHAN PLACE","BISHAN MRT STATION","29762.3506627493","37046.3698805068","",""
"60 MARYMOUNT ROAD MARYMOUNT MRT STATION SINGAPORE 573993","60","MARYMOUNT MRT STATION","1.34870726345102","103.839423132332","103.839423132332","573993","MARYMOUNT ROAD","MARYMOUNT MRT STATION","28679.3687734967","36758.7136478573","CC16","Marymount"
"38 TOA PAYOH RISE CALDECOTT MRT STATION SINGAPORE 298113","38","CALDECOTT MRT STATION","1.3376745081562","103.839529820338","103.839529820338","298113","TOA PAYOH RISE","CALDECOTT MRT STATION","28691.245052536","35538.7680123691","CC17","Caldecott"
"100 CLUNY PARK ROAD BOTANIC GARDENS MRT STATION SINGAPORE 257494","100","BOTANIC GARDENS MRT STATION","1.32211373558878","103.814984510627","103.814984510627","257494","CLUNY PARK ROAD","BOTANIC GARDENS MRT STATION","25959.6005049013","33818.1442215405","CC19","Botanic Gardens"
"491 BUKIT TIMAH ROAD BOTANIC GARDENS MRT STATION SINGAPORE 259777","491","BOTANIC GARDENS MRT STATION","1.32248807089546","103.816013994259","103.816013994259","259777","BUKIT TIMAH ROAD","BOTANIC GARDENS MRT STATION","26074.1720875865","33859.535477398","",""
"71 FARRER ROAD FARRER ROAD MRT STATION SINGAPORE 268857","71","FARRER ROAD MRT STATION","1.31743915158969","103.807379214161","103.807379214161","268857","FARRER ROAD","FARRER ROAD MRT STATION","25113.2011973988","33301.2602245044","CC20","Farrer Road"
"200 HOLLAND AVENUE HOLLAND VILLAGE MRT STATION SINGAPORE 278995","200","HOLLAND VILLAGE MRT STATION","1.312240296316","103.796399122407","103.796399122407","278995","HOLLAND AVENUE","HOLLAND VILLAGE MRT STATION","23891.2152273962","32726.4128267728","CC21","Holland Village"
"100 NORTH BUONA VISTA ROAD BUONA VISTA MRT STATION SINGAPORE 139345","100","BUONA VISTA MRT STATION","1.30722370820444","103.790253514502","103.790253514502","139345","NORTH BUONA VISTA ROAD","BUONA VISTA MRT STATION","23207.2578019602","32171.7150982134","CC22","Buona Vista"
"150 NORTH BUONA VISTA ROAD BUONA VISTA MRT STATION SINGAPORE 139350","150","BUONA VISTA MRT STATION","1.30663450405004","103.790709404436","103.790709404436","139350","NORTH BUONA VISTA ROAD","BUONA VISTA MRT STATION","23257.993026535","32106.5630513858","",""
"9 AYER RAJAH AVENUE ONE-NORTH MRT STATION SINGAPORE 138647","9","ONE-NORTH MRT STATION","1.29975987849417","103.78745750797","103.78745750797","138647","AYER RAJAH AVENUE","ONE-NORTH MRT STATION","22896.0731153823","31346.4084891845","CC23","one-north"
"301 SOUTH BUONA VISTA ROAD KENT RIDGE MRT STATION SINGAPORE 118177","301","KENT RIDGE MRT STATION","1.29353698622128","103.784572366595","103.784572366595","118177","SOUTH BUONA VISTA ROAD","KENT RIDGE MRT STATION","22574.9693683973","30658.3189088777","CC24","Kent Ridge"
"270 PASIR PANJANG ROAD HAW PAR VILLA MRT STATION SINGAPORE 117396","270","HAW PAR VILLA MRT STATION","1.28257135827237","103.781752724792","103.781752724792","117396","PASIR PANJANG ROAD","HAW PAR VILLA MRT STATION","22261.1430738084","29445.8020959739","CC25","Haw Par Villa"
"119 PASIR PANJANG ROAD PASIR PANJANG MRT STATION SINGAPORE 117424","119","PASIR PANJANG MRT STATION","1.27621352233768","103.791350313288","103.791350313288","117424","PASIR PANJANG ROAD","PASIR PANJANG MRT STATION","23329.2647148464","28742.765761558","CC26","Pasir Panjang"
"701 TELOK BLANGAH ROAD LABRADOR PARK MRT STATION SINGAPORE 109029","701","LABRADOR PARK MRT STATION","1.27225417749657","103.802631578766","103.802631578766","109029","TELOK BLANGAH ROAD","LABRADOR PARK MRT STATION","24584.7750495942","28304.9440988917","CC27","Labrador Park"
"463 TELOK BLANGAH ROAD TELOK BLANGAH MRT STATION SINGAPORE 109028","463","TELOK BLANGAH MRT STATION","1.27070647717764","103.809761611219","103.809761611219","109028","TELOK BLANGAH ROAD","TELOK BLANGAH MRT STATION","25378.2908018418","28133.7990515921","CC28","Telok Blangah"
"81 TELOK BLANGAH ROAD HARBOURFRONT MRT STATION SINGAPORE 098867","81","HARBOURFRONT MRT STATION","1.26538938402277","103.821530156823","103.821530156823","098867","TELOK BLANGAH ROAD","HARBOURFRONT MRT STATION","26688.0366718732","27545.8534563184","CC29","HarbourFront"
"83 TELOK BLANGAH ROAD HARBOURFRONT MRT STATION SINGAPORE 098886","83","HARBOURFRONT MRT STATION","1.2653893842965","103.821530157095","103.821530157095","098886","TELOK BLANGAH ROAD","HARBOURFRONT MRT STATION","26688.0367021412","27545.8534865864","",""
"11 BAYFRONT AVENUE BAYFRONT MRT STATION SINGAPORE 018957","11","BAYFRONT MRT STATION","1.2818737887921","103.859079764874","103.859079764874","018957","BAYFRONT AVENUE","BAYFRONT MRT STATION","30867.0092712203","29368.6250332352","CE1","Bayfront"
"21 PARK STREET MARINA BAY MRT STATION SINGAPORE 018925","21","MARINA BAY MRT STATION","1.27642735449345","103.854597777026","103.854597777026","018925","PARK STREET","MARINA BAY MRT STATION","30368.2056423808","28766.3818715643","CE2","Marina Bay"
"23 PARK STREET MARINA BAY MRT STATION SINGAPORE 018926","23","MARINA BAY MRT STATION","1.27625146423745","103.855447156279","103.855447156279","018926","PARK STREET","MARINA BAY MRT STATION","30462.7349769678","28746.9336326476","",""
"25 PARK STREET MARINA BAY MRT STATION SINGAPORE 018929","25","MARINA BAY MRT STATION","1.27493906950917","103.855330338563","103.855330338563","018929","PARK STREET","MARINA BAY MRT STATION","30449.7353319814","28601.8156915978","",""
"950 UPPER BUKIT TIMAH ROAD BUKIT PANJANG MRT STATION SINGAPORE 678213","950","BUKIT PANJANG MRT STATION","1.37900211641038","103.761535114929","103.761535114929","678213","UPPER BUKIT TIMAH ROAD","BUKIT PANJANG MRT STATION","20011.3981217342","40108.6837660223","DT1","Bukit Panjang"
"1 CASHEW ROAD CASHEW MRT STATION SINGAPORE 679696","1","CASHEW MRT STATION","1.36981544925554","103.76443921414","103.76443921414","679696","CASHEW ROAD","CASHEW MRT STATION","20334.5589111615","39092.858541891","DT2","Cashew"
"510 UPPER BUKIT TIMAH ROAD HILLVIEW MRT STATION SINGAPORE 678211","510","HILLVIEW MRT STATION","1.3623448680356","103.767418254007","103.767418254007","678211","UPPER BUKIT TIMAH ROAD","HILLVIEW MRT STATION","20666.0675499616","38266.7898455691","DT3","Hillview"
"101 UPPER BUKIT TIMAH ROAD BEAUTY WORLD MRT STATION SINGAPORE 588216","101","BEAUTY WORLD MRT STATION","1.34122317558553","103.775794285083","103.775794285083","588216","UPPER BUKIT TIMAH ROAD","BEAUTY WORLD MRT STATION","21598.1664763773","35931.2358860876","DT5","Beauty World"
"2 BLACKMORE DRIVE KING ALBERT PARK MRT STATION SINGAPORE 599987","2","KING ALBERT PARK MRT STATION","1.33566276229995","103.783399113418","103.783399113418","599987","BLACKMORE DRIVE","KING ALBERT PARK MRT STATION","22444.4895690968","35316.3750311174","DT6","King Albert Park"
"777 BUKIT TIMAH ROAD SIXTH AVENUE MRT STATION SINGAPORE 269784","777","SIXTH AVENUE MRT STATION","1.33085764536228","103.796906838288","103.796906838288","269784","BUKIT TIMAH ROAD","SIXTH AVENUE MRT STATION","23947.7493738998","34785.023301078","DT7","Sixth Avenue"
"651 BUKIT TIMAH ROAD TAN KAH KEE MRT STATION SINGAPORE 266268","651","TAN KAH KEE MRT STATION","1.325556235199","103.807760304729","103.807760304729","266268","BUKIT TIMAH ROAD","TAN KAH KEE MRT STATION","25155.6221095268","34198.8053115122","DT8","Tan Kah Kee"
"100 CLUNY PARK ROAD BOTANIC GARDENS MRT STATION SINGAPORE 257494","100","BOTANIC GARDENS MRT STATION","1.32211373558878","103.814984510627","103.814984510627","257494","CLUNY PARK ROAD","BOTANIC GARDENS MRT STATION","25959.6005049013","33818.1442215405","DT9","Botanic Gardens"
"491 BUKIT TIMAH ROAD BOTANIC GARDENS MRT STATION SINGAPORE 259777","491","BOTANIC GARDENS MRT STATION","1.32248807089546","103.816013994259","103.816013994259","259777","BUKIT TIMAH ROAD","BOTANIC GARDENS MRT STATION","26074.1720875865","33859.535477398","",""
"92 STEVENS ROAD STEVENS MRT STATION SINGAPORE 257877","92","STEVENS MRT STATION","1.32006555750627","103.826024401924","103.826024401924","257877","STEVENS ROAD","STEVENS MRT STATION","27188.229964382","33591.6608552374","DT10","Stevens"
"49 SCOTTS ROAD NEWTON MRT STATION SINGAPORE 228234","49","NEWTON MRT STATION","1.31232009946014","103.837985299521","103.837985299521","228234","SCOTTS ROAD","NEWTON MRT STATION","28519.3615875049","32735.2071894407","DT11","Newton"
"235 BUKIT TIMAH ROAD NEWTON MRT STATION SINGAPORE 229901","235","NEWTON MRT STATION","1.31399286264572","103.837714613091","103.837714613091","229901","BUKIT TIMAH ROAD","NEWTON MRT STATION","28489.2364384029","32920.1726889107","",""
"60 BUKIT TIMAH ROAD LITTLE INDIA MRT STATION SINGAPORE 229900","60","LITTLE INDIA MRT STATION","1.30680002560554","103.84964696645","103.84964696645","229900","BUKIT TIMAH ROAD","LITTLE INDIA MRT STATION","29817.1981863957","32124.8312324211","DT12","Little India"
"62 BUKIT TIMAH ROAD LITTLE INDIA MRT STATION SINGAPORE 229902","62","LITTLE INDIA MRT STATION","1.30701826765227","103.848660935092","103.848660935092","229902","BUKIT TIMAH ROAD","LITTLE INDIA MRT STATION","29707.4618838402","32148.9626245834","",""
"11 ROCHOR CANAL ROAD ROCHOR MRT STATION SINGAPORE 188505","11","ROCHOR MRT STATION","1.30385218527657","103.852769428884","103.852769428884","188505","ROCHOR CANAL ROAD","ROCHOR MRT STATION","30164.7018503873","31798.8766778298","DT13","Rochor"
"220 VICTORIA STREET BUGIS MRT STATION SINGAPORE 188022","220","BUGIS MRT STATION","1.30046507606683","103.855706414086","103.855706414086","188022","VICTORIA STREET","BUGIS MRT STATION","30491.5648077074","31424.3502725307","DT14","Bugis"
"320 VICTORIA STREET BUGIS MRT STATION SINGAPORE 188045","320","BUGIS MRT STATION","1.30036650571953","103.855636652806","103.855636652806","188045","VICTORIA STREET","BUGIS MRT STATION","30483.8011001516","31413.4508018624","",""
"191 ROCHOR ROAD BUGIS MRT STATION SINGAPORE 188476","191","BUGIS MRT STATION","1.2993135039933","103.857125958751","103.857125958751","188476","ROCHOR ROAD","BUGIS MRT STATION","30649.5485789878","31297.016799869","",""
"2 TEMASEK AVENUE PROMENADE MRT STATION SINGAPORE 039193","2","PROMENADE MRT STATION","1.29399856913986","103.860350000195","103.860350000195","039193","TEMASEK AVENUE","PROMENADE MRT STATION","31008.3618750954","30709.3222472537","DT15","Promenade"
"10 TEMASEK AVENUE PROMENADE MRT STATION SINGAPORE 039194","10","PROMENADE MRT STATION","1.29289175383297","103.860891800025","103.860891800025","039194","TEMASEK AVENUE","PROMENADE MRT STATION","31068.6608139491","30586.9369543027","",""
"11 BAYFRONT AVENUE BAYFRONT MRT STATION SINGAPORE 018957","11","BAYFRONT MRT STATION","1.2818737887921","103.859079764874","103.859079764874","018957","BAYFRONT AVENUE","BAYFRONT MRT STATION","30867.0092712203","29368.6250332352","DT16","Bayfront"
"15 CENTRAL BOULEVARD DOWNTOWN MRT STATION SINGAPORE 018969","15","DOWNTOWN MRT STATION","1.27944619017902","103.852840444471","103.852840444471","018969","CENTRAL BOULEVARD","DOWNTOWN MRT STATION","30172.6259479886","29100.1875779182","DT17","Downtown"
"7 CROSS STREET TELOK AYER MRT STATION SINGAPORE 048416","7","TELOK AYER MRT STATION","1.28206894769397","103.848648781083","103.848648781083","048416","CROSS STREET","TELOK AYER MRT STATION","29706.1259155748","29390.195390759","DT18","Telok Ayer"
"91 UPPER CROSS STREET CHINATOWN MRT STATION SINGAPORE 058362","91","CHINATOWN MRT STATION","1.28422391919087","103.845143798953","103.845143798953","058362","UPPER CROSS STREET","CHINATOWN MRT STATION","29316.0490006935","29628.4789423905","DT19","Chinatown"
"151 NEW BRIDGE ROAD CHINATOWN MRT STATION SINGAPORE 059443","151","CHINATOWN MRT STATION","1.2843595780039","103.843426775693","103.843426775693","059443","NEW BRIDGE ROAD","CHINATOWN MRT STATION","29124.9584720396","29643.478574669","",""
"170 RIVER VALLEY ROAD FORT CANNING MRT STATION SINGAPORE 179038","170","FORT CANNING MRT STATION","1.29248123652549","103.844331060302","103.844331060302","179038","RIVER VALLEY ROAD","FORT CANNING MRT STATION","29225.5939788586","30541.5300753135","DT20","Fort Canning"
"31 BENCOOLEN STREET BENCOOLEN MRT STATION SINGAPORE 189658","31","BENCOOLEN MRT STATION","1.29891843369424","103.850353762717","103.850353762717","189658","BENCOOLEN STREET","BENCOOLEN MRT STATION","29895.8639496453","31253.3258734141","DT21","Bencoolen"
"90 JALAN BESAR JALAN BESAR MRT STATION SINGAPORE 208826","90","JALAN BESAR MRT STATION","1.30517138780691","103.855295713435","103.855295713435","208826","JALAN BESAR","JALAN BESAR MRT STATION","30445.8529787818","31944.7496234644","DT22","Jalan Besar"
"11 KALLANG BAHRU BENDEMEER MRT STATION SINGAPORE 339356","11","BENDEMEER MRT STATION","1.31367252847692","103.862977620945","103.862977620945","339356","KALLANG BAHRU","BENDEMEER MRT STATION","31300.7676084107","32884.7709222063","DT23","Bendemeer"
"541 KALLANG BAHRU GEYLANG BAHRU MRT STATION SINGAPORE 339355","541","GEYLANG BAHRU MRT STATION","1.32130110228324","103.871622627142","103.871622627142","339355","KALLANG BAHRU","GEYLANG BAHRU MRT STATION","32262.8612591876","33728.3126899023","DT24","Geylang Bahru"
"60 MERPATI ROAD MATTAR MRT STATION SINGAPORE 379314","60","MATTAR MRT STATION","1.32687671501337","103.883247509542","103.883247509542","379314","MERPATI ROAD","MATTAR MRT STATION","33556.583440247","34344.8585332576","DT25","Mattar"
"10 CIRCUIT LINK MACPHERSON MRT STATION SINGAPORE 378956","10","MACPHERSON MRT STATION","1.32615024293134","103.889298596024","103.889298596024","378956","CIRCUIT LINK","MACPHERSON MRT STATION","34230.0099985199","34264.5433465037","DT26","MacPherson"
"171 PAYA LEBAR ROAD MACPHERSON MRT STATION SINGAPORE 409048","171","MACPHERSON MRT STATION","1.32607760171668","103.890391305725","103.890391305725","409048","PAYA LEBAR ROAD","MACPHERSON MRT STATION","34351.6177675053","34256.5138255153","",""
"51 UBI AVENUE 2 UBI MRT STATION SINGAPORE 408899","51","UBI MRT STATION","1.32997462900521","103.899226655449","103.899226655449","408899","UBI AVENUE 2","UBI MRT STATION","35334.8918333715","34687.4518222511","DT27","Ubi"
"30 KAKI BUKIT AVENUE 1 KAKI BUKIT MRT STATION SINGAPORE 415804","30","KAKI BUKIT MRT STATION","1.33496730163706","103.908459734312","103.908459734312","415804","KAKI BUKIT AVENUE 1","KAKI BUKIT MRT STATION","36362.4223829694","35239.5458080471","DT28","Kaki Bukit"
"651 BEDOK NORTH ROAD BEDOK NORTH MRT STATION SINGAPORE 479481","651","BEDOK NORTH MRT STATION","1.33474211664093","103.91797832995","103.91797832995","479481","BEDOK NORTH ROAD","BEDOK NORTH MRT STATION","37421.7438196177","35214.6803870127","DT29","Bedok North"
"371 BEDOK NORTH AVENUE 3 BEDOK RESERVOIR MRT STATION SINGAPORE 469724","371","BEDOK RESERVOIR MRT STATION","1.33660782955102","103.932234623286","103.932234623286","469724","BEDOK NORTH AVENUE 3","BEDOK RESERVOIR MRT STATION","39008.3131622681","35421.0408713073","DT30","Bedok Reservoir"
"2 TAMPINES AVENUE 4 TAMPINES WEST MRT STATION SINGAPORE 529683","2","TAMPINES WEST MRT STATION","1.34551530560122","103.938436971222","103.938436971222","529683","TAMPINES AVENUE 4","TAMPINES WEST MRT STATION","39698.5275852978","36406.0143331196","DT31","Tampines West"
"20 TAMPINES CENTRAL 1 TAMPINES MRT STATION SINGAPORE 529538","20","TAMPINES MRT STATION","1.35330153265954","103.945144689278","103.945144689278","529538","TAMPINES CENTRAL 1","TAMPINES MRT STATION","40444.9846136123","37267.0103757698","DT32","Tampines"
"15 TAMPINES CENTRAL 1 TAMPINES MRT STATION SINGAPORE 529544","15","TAMPINES MRT STATION","1.35515041120475","103.943009883131","103.943009883131","529544","TAMPINES CENTRAL 1","TAMPINES MRT STATION","40207.3952279193","37471.4394600242","",""
"20 TAMPINES AVENUE 7 TAMPINES EAST MRT STATION SINGAPORE 529623","20","TAMPINES EAST MRT STATION","1.35619148271548","103.9546344625","103.9546344625","529623","TAMPINES AVENUE 7","TAMPINES EAST MRT STATION","41501.0748521946","37586.617764445","DT33","Tampines East"
"690 UPPER CHANGI ROAD EAST UPPER CHANGI MRT STATION SINGAPORE 485990","690","UPPER CHANGI MRT STATION","1.34173978431351","103.961472614026","103.961472614026","485990","UPPER CHANGI ROAD EAST","UPPER CHANGI MRT STATION","42262.1685391264","35988.6579741612","DT34","Upper Changi"
"2 EXPO DRIVE EXPO MRT STATION SINGAPORE 485985","2","EXPO MRT STATION","1.33538252614957","103.962374747451","103.962374747451","485985","EXPO DRIVE","EXPO MRT STATION","42362.6034600176","35285.7083877865","DT35","Expo"
"21 CHANGI SOUTH AVENUE 1 EXPO MRT STATION SINGAPORE 486065","21","EXPO MRT STATION","1.33454977824819","103.961548211018","103.961548211018","486065","CHANGI SOUTH AVENUE 1","EXPO MRT STATION","42270.6232344825","35193.6223453805","",""
